{
    "mean_volume": 25.0958736359127,
    "std_volume": 19.89611287343808,
    "trend": -4.992508924452889e-09,
    "corr": -0.2947941508576123
}